distance_nm,O3A,O3P,Z_nm,Z_nm_corrected
-287.0,1.7902455091476441,1.1051565647125243,-2.1763028372723854,0.4206199155524528
-271.6154,1.8083320736885071,1.0964993834495544,-2.24577144491045,0.351151307914388
-256.2308,1.8127692818641663,1.0852023124694825,-2.1989703867022685,0.3979523661225697
-240.8462,1.7962297797203064,1.0732299566268921,-2.137875358348399,0.45904739447643905
-225.4616,1.7807603424245662,1.0535489862615413,-2.1389535530376276,0.4579691997872106
-210.077,1.7347681522369385,1.0539752006530763,-2.1298319834827204,0.4670907693421178
-194.6924,1.6993874311447144,1.0432700037956237,-2.180815499891388,0.4161072529334504
-179.3078,1.6642473697662354,1.0499075770378112,-2.2519020095279005,0.34502074329693766
-163.9232,1.606719958782196,1.0698861718177795,-2.285564130062545,0.3113586227622931
-148.53859999999997,1.58857431194999,1.093754529953003,-2.2944281298546723,0.30249462297016594
-133.154,1.583206746313307,1.1223772101932101,-2.3416412632010997,0.25528148962373853
-117.76939999999999,1.6052736043930054,1.1588716387748719,-2.3408580998898714,0.25606465293496683
-102.38479999999998,1.6569811820983886,1.186392104625702,-2.3227061810859864,0.27421657173885183
-87.0002,1.7130992545021906,1.2028179168701172,-2.293244619457142,0.3036781333676961
-71.6156,1.802479374408722,1.2138326525688172,-2.3378172056982107,0.2591055471266275
-56.230999999999995,1.8903048580343074,1.2060146440159192,-2.3406605343686127,0.25626221845622554
-40.84639999999999,1.9586699273851182,1.1779958539538913,-2.2935324137828355,0.30339033904200274
-25.461799999999982,2.017469656467438,1.1673367261886596,-2.3673989326429434,0.22952382018189477
-10.077199999999948,2.1268490011041816,1.2005967443639582,-2.596922752824838,0.0
5.307399999999973,2.278043746948242,1.1087613344192504,-1.8084009996399666,0.7885217531848716
20.692000000000007,2.371166785558065,1.080339378780789,-1.3623571868604754,1.2345655659643628
36.076599999999985,2.393783764405684,1.0483033006841487,-1.1583780074638752,1.438544745360963
51.46120000000002,2.455047297477722,1.0262199580669402,-1.2551122820893652,1.341810470735473
66.8458,2.4887542724609375,0.9920778075853983,-1.2964799480500853,1.300442804774753
82.23040000000003,2.5436115048148413,0.9516558267853477,-1.3277969440813047,1.2691258087435335
97.61500000000001,2.6493833859761557,0.933183835612403,-1.3670463687798546,1.2298763840449836
112.99959999999999,2.710343447598544,0.9118615822358564,-1.1588465223801734,1.4380762304446648
128.38419999999996,2.7860167026519775,0.8946194469928741,-0.775167277011765,1.8217554758130732
143.7688,2.8823501586914064,0.8919764518737793,-0.35744851812542466,2.2394742346994136
159.15339999999998,2.9844765663146973,0.9101056337356568,-0.12865283101099223,2.468269921813846
174.538,3.1406359910964965,0.9467393040657044,-0.16052643177567844,2.43639632104916
189.9226,3.2487648248672487,0.9842999339103699,-0.19980909944027586,2.3971136533845625
205.30720000000002,3.2533875703811646,1.0063722491264344,-0.10336958147264355,2.4935531713521946
220.6918,3.330056216981676,1.0473552213774786,-0.22104860426236744,2.375874148562471
236.07640000000004,3.3664756536483766,1.0778151869773864,-0.3094539810054492,2.287468771819389
251.461,3.2882066488265993,1.0872312784194946,-0.1949866782904266,2.4019360745344116
266.8456000000001,3.28171047297391,1.1105457761070945,-0.2484345457690173,2.348488207055821
282.23019999999997,3.1968389881981745,1.1134575737847223,-0.15897886557978008,2.437943887245058
297.61479999999995,3.122715210914612,1.1153916478157044,-0.09012569331566311,2.506797059509175
312.9993999999999,3.051965106617321,1.1130677678368308,-0.1000564818711276,2.4968662709537104
328.384,2.982290850745307,1.1122213337156508,-0.07817255386707068,2.5187501989577674
343.7686,2.9075205326080322,1.0969213464043357,-0.0027670666760525623,2.5941556861487856
359.15319999999997,2.900918657129461,1.095122684131969,-0.048399840319159566,2.5485229125056788
374.53779999999995,2.843749337726169,1.0806733634736803,-0.01052020926240497,2.5864025435624334
389.92240000000004,2.805796194076538,1.0678901672363281,0.03923110778954282,2.636153860614381
405.307,2.804793453216553,1.0593018293380738,0.056394336954452486,2.6533170897792906
420.6916,2.85926992893219,1.0621132612228394,-0.003944955179156296,2.592977797645682
436.0762,2.8380843268500433,1.0503819121254816,0.07038781930926143,2.6673105721340997
451.46080000000006,2.8226486682891845,1.0431955575942993,0.18249154982905935,2.7794143026538976
466.84540000000004,2.8482565879821777,1.0412880659103394,0.20230705811048325,2.7992298109353215
482.23,2.8839041948318482,1.0447710037231446,0.14770171732910384,2.744624470153942
497.6146,2.86502091884613,1.0506674885749816,0.1221020393576353,2.7190247921824735
512.9992,2.932492208480835,1.0583115816116333,0.08811238711659967,2.685035139941438
528.3838,2.8880187164653432,1.0554897568442605,0.15458855118524054,2.7515113040100787
543.7683999999999,2.908194398880005,1.0673157572746277,0.0323330556515586,2.6292558084763966
559.153,2.897100877761841,1.0629518270492553,0.10067043755293952,2.697593190377778
574.5376,2.8776952266693114,1.0598122239112855,0.11837931921556191,2.7153020720404
589.9222,2.859919097688463,1.063410308625963,0.09070653627948626,2.6876292891043243
605.3068,2.873202157020569,1.0669557213783265,0.0026104101137462976,2.5995331629385845
620.6914,2.7940445379777388,1.0502046129920266,0.15915227330324136,2.7560750261280798
636.076,2.745129346847534,1.0442791912290785,0.22248521348505948,2.819407966309898
651.4606,2.7270830154418944,1.0351659774780273,0.23308914536453856,2.830011898189377
666.8452,2.7458887100219727,1.0338586135344072,0.15748121640152846,2.7544039692263667
682.2298000000001,2.708516979217529,1.0306336641311646,0.26953115490560575,2.866453907730444
697.6144,2.7295885350969105,1.0323297712537978,0.2474591837613755,2.8443819365862137
712.999,2.7316281362013384,1.030545256354592,0.23538586943294088,2.832308622257779
728.3836,2.7455166578292847,1.0293259739875793,0.22297555100774247,2.8198983038325807
743.7682,2.7601361804538302,1.0341447856691148,0.1847557366307705,2.781678489455609
759.1528000000001,2.766049255024303,1.0309677882628008,0.21948980642771235,2.8164125592525506
774.5373999999999,2.778937737147013,1.038864533106486,0.1533904165683195,2.7503131693931575
789.922,2.825761246681213,1.0520887136459351,0.032615171864625835,2.629537924689464
805.3065999999999,2.8225107431411742,1.0474699020385743,0.08575426760130397,2.682677020426142
820.6912000000002,2.8332916736602782,1.052216362953186,0.08589772256446082,2.682820475389299
836.0758000000001,2.856863997199319,1.0630536729639226,0.06991205800200427,2.6668348108268423
851.4603999999999,2.8823466062545777,1.068612551689148,0.02827135567257457,2.625194108497413
866.845,2.91111077202691,1.075803279876709,-0.016691288306797485,2.580231464518041
882.2295999999999,2.895672386342829,1.0726898041638462,0.010059669795845655,2.6069824226206837
897.6142,2.9069859743118287,1.0696982383728026,0.012926773052215169,2.6098495258770535
912.9987999999998,2.943047380447388,1.0772690296173095,-0.016210549535968254,2.58071220328887
